CASE_ID,ACCIDENT_YEAR,PROC_DATE,JURIS,COLLISION_DATE,COLLISION_TIME,OFFICER_ID,REPORTING_DISTRICT,DAY_OF_WEEK,CHP_SHIFT,POPULATION,CNTY_CITY_LOC,SPECIAL_COND,BEAT_TYPE,CHP_BEAT_TYPE,CITY_DIVISION_LAPD,CHP_BEAT_CLASS,BEAT_NUMBER,PRIMARY_RD,SECONDARY_RD,DISTANCE,DIRECTION,INTERSECTION,WEATHER_1,WEATHER_2,STATE_HWY_IND,CALTRANS_COUNTY,CALTRANS_DISTRICT,STATE_ROUTE,ROUTE_SUFFIX,POSTMILE_PREFIX,POSTMILE,LOCATION_TYPE,RAMP_INTERSECTION,SIDE_OF_HWY,TOW_AWAY,COLLISION_SEVERITY,NUMBER_KILLED,NUMBER_INJURED,PARTY_COUNT,PRIMARY_COLL_FACTOR,PCF_CODE_OF_VIOL,PCF_VIOL_CATEGORY,PCF_VIOLATION,PCF_VIOL_SUBSECTION,HIT_AND_RUN,TYPE_OF_COLLISION,MVIW,PED_ACTION,ROAD_SURFACE,ROAD_COND_1,ROAD_COND_2,LIGHTING,CONTROL_DEVICE,CHP_ROAD_TYPE,PEDESTRIAN_ACCIDENT,BICYCLE_ACCIDENT,MOTORCYCLE_ACCIDENT,TRUCK_ACCIDENT,NOT_PRIVATE_PROPERTY,ALCOHOL_INVOLVED,STWD_VEHTYPE_AT_FAULT,CHP_VEHTYPE_AT_FAULT,COUNT_SEVERE_INJ,COUNT_VISIBLE_INJ,COUNT_COMPLAINT_PAIN,COUNT_PED_KILLED,COUNT_PED_INJURED,COUNT_BICYCLIST_KILLED,COUNT_BICYCLIST_INJURED,COUNT_MC_KILLED,COUNT_MC_INJURED,PRIMARY_RAMP,SECONDARY_RAMP,LATITUDE,LONGITUDE,COUNTY,CITY,POINT_X,POINT_Y
91791944,2022,2022-06-09,9155,2022-06-01,1330,019094,,3,1,9,0600,0,1,1,,2,051,"I-5 N/B","COUNTY LINE RD O/C",2640.00,N,N,A,-,Y,COL,,5,,R,0.514,H,,R,Y,4,0,1,1,A,-,01,23152,A,N,E,8,A,A,H,-,A,D,0,,,,,Y,Y,A,01,0,0,1,0,0,0,0,0,0,"- ","- ",38.932651519775391,-122.00235748291016,COLUSA,UNINCORPORATED,-122.00243377685547,38.932643890380859
91796748,2022,2022-06-16,9155,2022-06-04,0320,021919,,6,3,9,0600,0,1,1,,2,052,"I-5 S/B","FRESHWATER ROAD",2640.00,N,N,A,-,Y,COL,,5,,R,19.880,H,,L,Y,4,0,1,1,A,-,08,22107,,N,F,A,A,B,H,-,D,D,0,,,,,Y,,D,22,0,0,1,0,0,0,0,0,0,"- ","- ",39.180511474609375,-122.16191101074219,COLUSA,UNINCORPORATED,-122.16196441650391,39.180473327636719
91800076,2022,2022-06-21,9155,2022-06-11,0355,022070,,6,3,9,0600,0,3,5,,2,001,"OLD HWY 99W","GRIMES-ARBUCKLE RD",6600.00,S,N,A,-,N,,,,,,,,,,Y,3,0,2,2,A,-,01,23152,A,F,A,C,A,A,H,-,D,D,0,,,,,Y,Y,A,01,0,2,0,0,0,0,0,0,0,"- ","- ",38.996688842773438,-122.04318237304688,COLUSA,UNINCORPORATED,,
91802826,2022,2022-06-24,9155,2022-06-15,1200,019094,,3,1,9,0600,0,1,1,,2,051,"I-5 N/B","HALL ST O/C",792.00,N,N,A,-,Y,COL,,5,,,7.312,H,,R,N,4,0,1,2,A,-,07,21658,A,N,B,C,A,A,H,-,A,D,0,,,,Y,Y,,G,25,0,0,1,0,0,0,0,0,0,"- ","- ",39.019008636474609,-122.05998229980469,COLUSA,UNINCORPORATED,-122.05997467041016,39.019012451171875
91802837,2022,2022-06-24,9155,2022-06-17,1845,021152,,5,2,9,0600,0,3,5,,2,006,"KING ROAD","MANOR ROAD",5808.00,N,N,B,-,N,,,,,,,,,,Y,3,0,5,1,A,-,03,22350,,N,F,A,A,A,H,-,A,D,0,,,,,Y,,A,07,0,5,0,0,0,0,0,0,0,"- ","- ",39.141429901123047,-122.30011749267578,COLUSA,UNINCORPORATED,-122.28143310546875,39.14910888671875
91803704,2022,2022-06-27,9155,2022-06-19,2200,021919,,7,3,9,0600,0,1,S,,2,901,"SR-20 E/B","WILL S. GREEN RD",1056.00,E,N,A,-,Y,COL,,20,,,30.247,H,,R,N,3,0,1,2,A,-,08,22107,,N,G,B,E,A,H,-,D,D,0,Y,,,,Y,,D,22,0,1,0,0,1,0,0,0,0,"- ","- ",39.204471588134766,-122.02057647705078,COLUSA,UNINCORPORATED,-122.02064514160156,39.204513549804688
91810074,2022,2022-07-05,9155,2022-06-22,2244,022201,,3,3,9,0600,0,1,1,,2,051,"I-5 S/B","FREEWAY UNDERCROSS ROAD",4224.00,N,N,A,-,Y,COL,,5,,R,8.487,H,,L,Y,3,0,1,3,A,-,03,22350,,N,C,C,A,A,H,-,D,D,0,,,,Y,Y,,-,"- ",0,1,0,0,0,0,0,0,0,"- ","- ",39.034511566162109,-122.06874084472656,COLUSA,UNINCORPORATED,-122.06871795654297,39.034519195556641
91810184,2022,2022-07-05,9155,2022-06-23,0140,021343,,4,3,9,0600,0,1,1,,2,051,"INTERSTATE 5 N/B","MYERS ROAD OVERCROSSING",650.00,S,N,A,-,Y,COL,,5,,R,13.582,H,,R,Y,2,0,1,1,A,-,08,22107,,N,F,A,A,A,H,-,D,D,0,,,Y,,Y,,C,02,1,0,0,0,0,0,0,0,1,"- ","- ",39.099140167236328,-122.11302185058594,COLUSA,UNINCORPORATED,-122.11315155029297,39.099067687988281
91819766,2022,2022-07-18,9155,2022-07-07,1820,021152,,4,2,9,0600,0,3,5,,2,006,"FOUTS SPRING RD","TROUGH SPRING RIDGE",7920.00,S,N,A,-,N,,,,,,,,,,Y,2,0,1,1,A,-,08,22107,,N,F,A,A,A,H,-,A,D,0,,,,,Y,,A,07,1,0,0,0,0,0,0,0,0,"- ","- ",39.362659454345703,-122.65167236328125,COLUSA,UNINCORPORATED,-122.62696838378906,39.364498138427734
91820102,2022,2022-07-19,9155,2022-06-30,2027,021152,,4,2,9,0600,0,1,1,,2,051,"I-5 S/B","STATE HIGHWAY 20",285.00,S,N,A,-,Y,,,,,,,,,,Y,2,0,1,1,A,-,01,23152,A,N,F,A,A,A,H,-,A,D,0,,,,,Y,Y,A,01,1,0,0,0,0,0,0,0,0,"- ","- ",39.165309906005859,-122.15058135986328,COLUSA,UNINCORPORATED,-122.14859008789062,39.164039611816406
91820124,2022,2022-07-19,9155,2022-07-07,2035,022201,,4,2,9,0600,0,3,5,,2,003,"RIVER ROAD","BUTTE SLOUGH ROAD",4752.00,N,N,A,-,N,,,,,,,,,,Y,4,0,1,1,A,-,01,23152,A,N,F,I,A,A,H,-,B,D,0,,,,,Y,Y,A,01,0,0,1,0,0,0,0,0,0,"- ","- ",39.228111267089844,-121.99504852294922,COLUSA,UNINCORPORATED,-121.99504852294922,39.227981567382812
9182103,2020,2020-12-10,0601,2020-10-23,0820,8448,0601,5,5,2,0601,0,0,0,,0,00A,"RT 20","6TH ST",0.00,,Y,A,-,Y,COL,3,20,-,-,31.390,I,5,W,Y,3,0,1,2,A,-,08,22107,,N,B,C,A,A,H,-,A,D,0,,,,,Y,,A,01,0,1,0,0,0,0,0,0,0,"- ","- ",,,COLUSA,COLUSA,-122.00937652587891,39.214389801025391
91823984,2022,2022-07-25,9155,2022-07-10,1555,019094,,7,2,9,0600,0,1,1,,2,051,I-5,"CORTINA CREEK U/C",264.00,S,N,A,-,Y,COL,,5,,R,12.491,H,,R,Y,3,0,1,2,A,-,01,23152,F,M,E,I,A,A,H,-,A,D,0,,,,,Y,,A,01,0,1,0,0,0,0,0,0,0,"- ","- ",39.085849761962891,-122.10228729248047,COLUSA,UNINCORPORATED,-122.10218811035156,39.085891723632812
91834991,2022,2022-08-08,9155,2022-07-27,1745,018981,,3,2,9,0600,0,3,5,,2,001,"YOLO COUNTY LINE RD","RD 88",600.00,E,N,A,-,N,,,,,,,,,,Y,2,0,2,1,A,-,08,22107,,N,F,I,A,A,H,-,A,D,0,,,,,Y,,A,07,1,1,0,0,0,0,0,0,0,"- ","- ",38.925521850585938,-121.98681640625,COLUSA,UNINCORPORATED,,
91837062,2022,2022-08-10,9155,2022-08-01,0855,018981,,1,1,9,0600,0,2,4,,2,010,"LONE STAR RD","WARE RD",80.00,S,N,B,-,N,,,,,,,,,,N,3,0,1,1,A,-,08,22107,,N,E,I,A,A,H,-,A,D,0,,,,,Y,,A,01,0,1,0,0,0,0,0,0,0,"- ","- ",39.115390777587891,-122.07893371582031,COLUSA,UNINCORPORATED,-122.07884979248047,39.115398406982422
91837931,2022,2022-08-11,9155,2022-08-09,0555,019094,,2,3,9,0600,0,3,5,,2,002,"GREENBAY RD","GABBY RD",475.00,E,N,A,-,N,,,,,,,,,,Y,2,0,1,2,A,-,03,22350,,N,C,C,A,A,H,-,B,D,0,,,,,Y,,D,22,1,0,0,0,0,0,0,0,0,"- ","- ",38.965911865234375,-122.02599334716797,COLUSA,UNINCORPORATED,-122.02609252929688,38.965869903564453
91842716,2022,2022-08-17,9155,2022-08-08,0955,018981,,1,1,9,0600,0,1,3,,2,023,SR-20,"WALNUT DR",9504.00,W,N,A,-,Y,COL,,20,,,11.449,H,,R,Y,4,0,1,1,A,-,08,22107,,N,F,I,A,A,H,-,A,D,0,,,,,Y,,A,01,0,0,1,0,0,0,0,0,0,"- ","- ",39.1055908203125,-122.3172607421875,COLUSA,UNINCORPORATED,-122.3172607421875,39.10565185546875
91842821,2022,2022-08-17,9155,2022-08-07,2115,021060,,7,2,9,0600,0,1,3,,1,022,SR-20,"LONESTAR ROAD",7920.00,W,N,A,-,Y,COL,,20,,,26.080,H,,R,Y,2,0,1,1,A,-,01,23152,A,N,F,J,A,A,H,-,D,D,0,,,,,Y,Y,A,01,1,0,0,0,0,0,0,0,0,"- ","- ",39.195289611816406,-122.09462738037109,COLUSA,UNINCORPORATED,-122.09468078613281,39.195381164550781
91843240,2022,2022-08-18,9155,2022-07-28,2142,022201,,4,2,9,0600,0,1,3,,1,021,"SR-20 E/B","FARINON ROAD",1056.00,E,N,A,-,Y,COL,,20,,,34.147,H,,R,Y,3,0,3,4,A,-,03,22350,,N,C,C,F,A,H,-,D,D,0,Y,,,,Y,Y,A,01,0,2,1,0,2,0,0,0,0,"- ","- ",39.181900024414062,-121.99259185791016,COLUSA,UNINCORPORATED,-121.99263000488281,39.181884765625
91844105,2022,2022-08-19,9155,2022-07-28,2140,022070,,4,2,9,0600,0,1,3,,1,021,"SR-20 E/B","FARINON RD",106.00,E,N,A,-,N,,,,,,,,,,Y,3,0,4,2,A,-,01,23153,A,N,A,C,A,A,H,-,C,D,0,,,,,Y,Y,A,01,0,1,3,0,0,0,0,0,0,"- ","- ",38.181938171386719,-121.99257659912109,COLUSA,UNINCORPORATED,-121.99417114257812,39.184764862060547
91845737,2022,2022-08-22,9155,2022-08-10,1945,018981,,3,2,9,0600,0,3,5,,2,004,"GIBSON RD","FRESHWATER RD",690.00,N,N,A,-,N,,,,,,,,,,Y,2,0,1,1,A,-,01,23152,A,M,E,I,A,A,H,-,A,D,0,,,,,Y,Y,D,22,1,0,0,0,0,0,0,0,0,"- ","- ",39.176528930664062,-122.18919372558594,COLUSA,UNINCORPORATED,-122.18912506103516,39.176376342773438
91847495,2022,2022-08-24,9155,2022-08-12,0746,020444,,5,1,9,0600,0,1,3,,1,042,SR-45,"NEVA AVE",164.00,N,N,A,-,Y,COL,,45,,,20.385,H,,R,N,4,0,1,2,A,-,03,22350,,N,C,C,A,A,D,-,A,A,0,,,,Y,Y,,G,25,0,0,1,0,0,0,0,0,0,"- ","- ",39.221099853515625,-122.01923370361328,COLUSA,UNINCORPORATED,-122.01921844482422,39.221099853515625
91852274,2022,2022-08-29,9155,2022-08-16,1035,019094,,2,1,9,0600,0,3,5,,2,003,"GRIDLEY RD","RIVER RD",4435.00,E,N,A,-,N,,,,,,,,,,Y,2,0,1,1,A,-,08,22107,,N,F,I,A,A,H,-,A,D,0,,,,Y,Y,,F,27,1,0,0,0,0,0,0,0,0,"- ","- ",39.344440460205078,-121.98851776123047,COLUSA,UNINCORPORATED,-121.98845672607422,39.344394683837891
91853556,2022,2022-08-30,9155,2022-08-20,2500,022070,,6,4,9,0600,0,3,5,,2,002,"SAND CREEK RD","CORTINA SCHOOL RD",23760.00,W,N,A,-,N,,,,,,,,,,N,4,0,1,1,A,-,03,22350,,N,E,I,A,A,A,-,A,D,0,,,Y,,Y,,-,"- ",0,0,1,0,0,0,0,0,1,"- ","- ",38.996261596679688,-122.22071838378906,COLUSA,UNINCORPORATED,-122.21471405029297,38.997959136962891
91853647,2022,2022-08-30,9155,2022-08-24,1640,018981,,3,2,9,0600,0,1,1,,2,051,"INTERSTATE 5 N/B","HAHN RD",5000.00,S,N,A,-,Y,COL,,5,,R,9.355,H,,R,Y,3,0,1,1,A,-,08,22107,,N,F,I,A,A,H,-,A,D,0,,,,,Y,,D,22,0,1,0,0,0,0,0,0,0,"- ","- ",39.045818328857422,-122.07569885253906,COLUSA,UNINCORPORATED,-122.07575988769531,39.045795440673828
91856157,2022,2022-09-02,9155,2022-08-15,0715,016414,,1,1,9,0600,0,1,1,,2,052,"INTERSTATE 5 N/B","MAXWELL/COLUSA RD.",4752.00,N,N,A,-,Y,COL,,5,,R,27.636,H,,R,Y,3,0,1,2,A,-,01,23152,G,N,C,C,A,A,H,-,A,D,0,,,,Y,Y,,A,01,0,1,0,0,0,0,0,0,0,"- ","- ",39.289348602294922,-122.18424224853516,COLUSA,UNINCORPORATED,-122.18426513671875,39.289348602294922
91856410,2022,2022-09-02,9155,2022-08-20,0555,019973,,6,3,9,0600,0,3,5,,2,002,"MYERS RD","ZUMWALT RD",0.00,,Y,A,-,N,,,,,,,,,,N,3,0,2,2,A,-,09,21802,A,N,D,C,A,A,H,-,B,D,0,,,,Y,Y,,A,01,0,2,0,0,0,0,0,0,0,"- ","- ",39.101329803466797,-122.15186309814453,COLUSA,UNINCORPORATED,-122.15179443359375,39.101238250732422
91859243,2022,2022-09-07,9155,2022-08-14,0335,022070,,7,3,9,0600,0,2,4,,2,011,"OLD HWY 99W","HAHN ROAD",7392.00,N,N,A,-,N,,,,,,,,,,Y,4,0,1,1,A,-,01,23152,A,N,E,I,A,A,H,-,D,D,0,,,,,Y,Y,-,"- ",0,0,1,0,0,0,0,0,0,"- ","- ",39.074790954589844,-122.09459686279297,COLUSA,UNINCORPORATED,,
91866538,2022,2022-09-16,9155,2022-08-28,1140,019094,,7,1,9,0600,0,1,1,,2,051,"INTERSTATE 5 NORTHBOUND (N/B)","HILLGATE RD U/C",317.00,N,N,A,-,Y,COL,,5,,,6.905,H,,R,N,4,0,1,1,A,-,08,22107,,N,E,I,A,A,H,-,A,D,0,,,,,Y,,A,01,0,0,1,0,0,0,0,0,0,"- ","- ",39.013881683349609,-122.05629730224609,COLUSA,UNINCORPORATED,-122.05625152587891,39.013919830322266
91866573,2022,2022-09-16,9155,2022-09-12,0755,019094,,1,1,9,0600,0,3,5,,2,002,"WILDWOOD RD","BRUENER RD",475.00,N,N,A,-,N,,,,,,,,,,Y,4,0,3,2,A,-,03,22350,,N,B,C,A,A,H,-,A,A,0,,,,,Y,,A,01,0,0,3,0,0,0,0,0,0,"- ","- ",38.938278198242188,-122.06092834472656,COLUSA,UNINCORPORATED,-122.06098937988281,38.938003540039062
91866598,2022,2022-11-03,9155,2022-09-05,1750,021919,,1,2,9,0600,0,1,3,,1,022,"STATE ROUTE 20","WALNUT DRIVE",20064.00,W,N,A,-,Y,COL,,20,,,9.576,H,,R,Y,2,0,1,1,A,-,08,22107,,N,E,I,A,A,H,-,A,D,0,,,,,Y,,A,07,1,0,0,0,0,0,0,0,0,"- ","- ",39.092910766601562,-122.34436798095703,COLUSA,UNINCORPORATED,-122.34443664550781,39.092926025390625
91866636,2022,2022-09-16,9155,2022-09-02,0535,020444,,5,3,9,0600,0,3,5,,2,004,"GRIDLEY RD","BUTLER RD",3168.00,E,N,A,-,N,,,,,,,,,,Y,2,0,1,1,A,-,08,22107,,N,F,A,A,A,H,-,D,A,0,,,,Y,Y,,F,26,1,0,0,0,0,0,0,0,0,"- ","- ",39.362201690673828,-121.92591857910156,COLUSA,UNINCORPORATED,-121.92507934570312,39.362129211425781
91866644,2022,2022-09-16,9155,2022-09-12,0756,019094,,1,1,9,0600,0,3,5,,2,002,"WILDWOOD RD","BRUENER RD",528.00,N,N,A,-,N,,,,,,,,,,Y,4,0,1,2,A,-,03,22350,,N,C,C,A,A,H,-,A,A,0,,,,,Y,,A,01,0,0,1,0,0,0,0,0,0,"- ","- ",38.938430786132812,-122.06098175048828,COLUSA,UNINCORPORATED,-122.06098175048828,38.938148498535156
91870666,2022,2022-09-22,9155,2022-06-23,1625,021152,,4,2,9,0600,0,3,5,,2,006,"BUTTE SLOUGH RD","RIVER RD",2640.00,E,N,A,-,N,,,,,,,,,,N,1,1,0,1,A,-,08,22107,,N,E,I,A,A,H,-,A,D,0,,,,,Y,,A,01,0,0,0,0,0,0,0,0,0,"- ","- ",39.212959289550781,-121.99124145507812,COLUSA,UNINCORPORATED,-121.99136352539062,39.21331787109375
91870732,2022,2022-09-22,9155,2022-09-13,1540,018981,,2,2,9,0600,0,3,5,,2,005,"OLD HWY 99W","CENTRAL ST",0.00,,Y,A,-,N,,,,,,,,,,Y,4,0,1,3,A,-,09,21802,A,N,D,C,A,A,H,-,A,A,0,,,,Y,Y,,A,07,0,0,1,0,0,0,0,0,0,"- ","- ",39.272731781005859,-122.19171905517578,COLUSA,UNINCORPORATED,-122.19168500000001,39.272685000000003
91874664,2022,2022-09-27,9155,2022-09-18,0707,020444,,7,1,9,0600,0,1,3,,1,042,SR-45,NEVA,170.00,N,N,B,-,Y,COL,,45,,,20.382,H,,R,Y,3,0,1,1,A,-,03,22350,,N,E,I,A,B,H,-,B,D,0,,,,,Y,,A,01,0,1,0,0,0,0,0,0,0,"- ","- ",39.2210693359375,-122.01925659179688,COLUSA,UNINCORPORATED,-122.01921081542969,39.2210693359375
91874737,2022,2022-09-27,9155,2022-09-23,0640,020482,,5,1,9,0600,0,2,4,,2,010,"LONE STAR ROAD","ABEL RD",2640.00,N,N,A,-,N,,,,,,,,,,Y,3,0,1,1,A,-,08,22107,,N,E,I,A,A,H,-,B,D,0,,,,,Y,,A,07,0,1,0,0,0,0,0,0,0,"- ","- ",39.151790618896484,-122.07862854003906,COLUSA,UNINCORPORATED,-122.07855224609375,39.152229309082031
91876592,2022,2022-09-29,9155,2022-09-19,0500,021343,,1,3,9,0600,0,1,3,,1,042,SR-45,"DODGE ROAD",1056.00,N,N,A,-,Y,,,,,,,,,,Y,2,0,1,1,A,-,08,22107,,N,E,I,A,B,H,-,E,D,0,,,,,Y,,-,"- ",1,0,0,0,0,0,0,0,0,"- ","- ",34.348381042480469,-122.03250885009766,COLUSA,UNINCORPORATED,-122.01918792724609,39.38006591796875
91886127,2022,2023-03-10,9155,2022-10-02,1723,021343,,7,2,9,0600,0,1,1,,2,052,"INTERSTATE 5 SOUTHBOUND","MAXWELL ROAD OVERCROSSING",2112.00,S,N,A,-,Y,COL,,5,,R,26.365,H,,L,Y,2,0,4,2,A,-,01,23152,A,N,C,C,A,A,H,-,A,D,0,,,,,Y,Y,A,01,1,3,0,0,0,0,0,0,0,"- ","- ",39.271018981933594,-122.18267822265625,COLUSA,UNINCORPORATED,-122.18257141113281,39.271018981933594
91888787,2022,2022-10-12,9155,2022-06-26,1630,021060,,7,2,9,0600,0,3,5,,2,004,"FOREST RTE 17N22","FOUTS SPRINGS RD",11088.00,W,N,A,-,N,,,,,,,,,,N,1,1,2,1,B,-,22,,,N,F,A,A,A,G,-,A,D,0,,,Y,,Y,,C,06,1,1,0,0,0,0,0,1,2,"- ","- ",39.335418701171875,-122.65342712402344,COLUSA,UNINCORPORATED,-122.66092681884766,39.3507080078125
91891994,2022,2022-10-17,9155,2022-09-14,1235,020517,,3,1,9,0600,0,1,1,,2,052,"INTERSTATE 5 NORTHBOUND","MAXWELL ROAD",3636.00,N,N,A,-,Y,COL,,5,,R,27.420,H,,R,Y,1,1,0,3,A,-,08,22107,,N,D,C,A,A,H,-,A,D,0,,,,Y,Y,,-,"- ",0,0,0,0,0,0,0,0,0,"- ","- ",39.286220550537109,-122.18403625488281,COLUSA,UNINCORPORATED,-122.18379974365234,39.286243438720703
91894390,2022,2022-10-19,9155,2022-10-05,2120,022647,,3,2,9,0600,0,3,5,,2,002,"COUNTY LINE ROAD","WILDWOOD ROAD",1531.00,E,N,A,-,N,,,,,,,,,,Y,3,0,1,1,A,-,01,23152,A,M,E,I,A,A,H,-,D,D,0,,,,,Y,Y,A,07,0,1,0,0,0,0,0,0,0,"- ","- ",38.925891876220703,-122.05523681640625,COLUSA,UNINCORPORATED,-122.06111145019531,38.925861358642578
91900027,2022,2022-10-26,9155,2022-10-15,1707,020482,,6,2,9,0600,0,2,4,,2,010,"LONE STAR ROAD",SR-20,3168.00,S,N,A,-,N,,,,,,,,,,Y,4,0,1,1,A,-,08,22107,,N,E,I,A,A,H,-,A,D,0,,,,,Y,,A,08,0,0,1,0,0,0,0,0,0,"- ","- ",39.185420989990234,-122.07833099365234,COLUSA,UNINCORPORATED,-122.07837677001953,39.186996459960938
91900771,2022,2022-10-27,9155,2022-10-14,2040,021507,,5,2,9,0600,0,3,5,,2,004,"INTERSTATE 5 NORTHBOUND","DELEVAN ROAD",7392.00,N,N,A,-,Y,,,,,,,,,,Y,3,0,1,1,A,-,01,23152,A,N,F,A,A,A,H,-,D,D,0,,,,,Y,Y,-,"- ",0,1,0,0,0,0,0,0,0,"- ","- ",39.369998931884766,-123.19239807128906,COLUSA,UNINCORPORATED,-122.19275665283203,39.368854522705078
91901004,2022,2022-10-27,9155,2022-10-11,1030,019094,,2,1,9,0600,0,3,5,,2,001,"ABEL RD","LONESTAR RD",4752.00,W,N,A,-,N,,,,,,,,,,Y,3,0,1,1,A,-,08,22107,,N,F,A,A,A,H,-,A,D,0,,,,Y,Y,,G,25,0,1,0,0,0,0,0,0,0,"- ","- ",39.145088195800781,-122.09568023681641,COLUSA,UNINCORPORATED,-122.09541320800781,39.145065307617188
91905706,2022,2022-10-31,9155,2022-10-07,1939,021919,,5,2,9,0600,0,1,1,,2,051,"INTERSTATE 5 NORTHBOUND","MYERS ROAD",2640.00,S,N,A,-,Y,COL,,5,,R,13.175,H,,R,Y,2,0,2,2,A,-,01,23152,A,N,A,C,A,A,H,-,D,D,0,,,,,Y,Y,D,23,2,0,0,0,0,0,0,0,0,"- ","- ",39.094631195068359,-122.10817718505859,COLUSA,UNINCORPORATED,-122.10811614990234,39.094661712646484
91905910,2022,2022-10-31,9155,2022-10-20,2044,021507,,4,2,9,0600,0,1,S,,2,704,"INTERSTATE 5 SOUTHBOUND","LURLINE AVENUE",36.00,S,N,A,-,Y,COL,,5,,R,22.655,H,,L,Y,2,0,1,2,A,-,08,22107,,N,D,C,A,A,H,-,D,D,0,,,,,Y,,D,22,1,0,0,0,0,0,0,0,0,"- ","- ",39.217250823974609,-122.18135070800781,COLUSA,UNINCORPORATED,-122.18132781982422,39.217250823974609
91905993,2022,2022-10-31,9155,2022-10-26,1630,019973,,3,2,9,0600,0,3,5,,2,002,"WILDWOOD RD","HARRINGTON AVE",0.00,,Y,A,-,N,,,,,,,,,,Y,4,0,1,2,A,-,09,21802,A,N,D,C,A,A,H,-,A,D,0,,,,,Y,,-,"- ",0,0,1,0,0,0,0,0,0,"- ","- ",38.951221466064453,-122.0609130859375,COLUSA,UNINCORPORATED,-122.06089019775391,38.951198577880859
91909041,2022,2022-11-03,9155,2022-10-27,1615,019973,,4,2,9,0600,0,3,5,,2,001,"GRIMES-ARBUCKLE RD","DRY SLOUGH RD",0.00,,Y,A,-,N,,,,,,,,,,N,4,0,1,2,A,-,05,21752,D,N,D,C,A,A,H,-,A,D,0,,,,,Y,,-,"- ",0,0,1,0,0,0,0,0,0,"- ","- ",39.05670166015625,-121.99250793457031,COLUSA,UNINCORPORATED,-121.94178009033203,39.056560516357422
91917538,2022,2022-11-14,9155,2022-10-30,1001,020444,,7,1,9,0600,0,1,3,,1,021,"RT 20",SR45,528.00,W,N,A,-,Y,COL,,20,,,36.596,H,,R,N,3,0,1,1,A,-,08,22107,,N,F,A,A,A,H,-,A,A,0,,,,,Y,,A,01,0,1,0,0,0,0,0,0,0,"- ","- ",39.151679992675781,-121.96797180175781,COLUSA,UNINCORPORATED,-121.96806335449219,39.151596069335938
91920677,2022,2022-11-17,9155,2022-11-02,1405,020744,,3,2,9,0600,0,1,1,,2,052,"I-5 S/B","STATE ROUTE 20",2240.00,N,N,A,-,Y,COL,,5,,R,19.154,H,,L,Y,3,0,1,1,A,-,08,22107,,N,F,I,A,A,H,-,A,D,0,,,,,Y,,A,01,0,1,0,0,0,0,0,0,0,"- ","- ",39.172279357910156,-122.15347290039062,COLUSA,UNINCORPORATED,-122.15355682373047,39.172248840332031
91921800,2022,2022-11-18,9155,2022-09-02,1935,020482,,5,2,9,0600,0,1,3,,2,023,SR-20,"WALNUT DR",21120.00,W,N,A,-,Y,COL,,20,,,9.290,H,,R,Y,1,1,1,2,A,-,08,22107,,N,A,C,A,A,H,-,B,D,0,,,Y,,Y,,C,02,0,0,1,0,0,0,0,1,0,"- ","- ",39.088951110839844,-122.34593200683594,COLUSA,UNINCORPORATED,-122.34593200683594,39.088951110839844
9192904,2020,2020-12-31,0602,2020-11-08,1822,P58,1,7,5,2,0602,0,0,0,,0,,"RT 20","N VIRGINIA WY",0.00,,Y,A,-,Y,COL,3,20,-,R,21.414,I,5,E,Y,2,0,4,3,A,-,09,21804,A,N,D,D,A,A,H,-,C,D,0,,,,,Y,,A,07,1,0,3,0,0,0,0,0,0,"- ","- ",,,COLUSA,WILLIAMS,-122.16093444824219,39.161117553710938
91929474,2022,2022-11-29,9155,2022-11-05,2235,021507,,6,3,9,0600,0,1,1,,2,052,"INTERSTATE 5 SOUTHBOUND","MAXWELL ROAD",335.00,N,N,B,-,Y,COL,,5,,R,26.797,H,,L,Y,3,0,1,2,A,-,01,23152,A,M,B,C,A,A,H,-,D,D,0,,,,,Y,Y,A,01,0,1,0,0,0,0,0,0,0,"- ","- ",39.277278900146484,-122.18276977539062,COLUSA,UNINCORPORATED,-122.18276214599609,39.277278900146484
91930434,2022,2022-11-30,9155,2022-11-16,0805,019094,,3,1,9,0600,0,3,5,,2,001,"COUNTY LINE RD","OLD HIGHWAY 99W",0.00,,Y,A,-,N,,,,,,,,,,Y,4,0,1,2,A,-,09,21802,A,N,D,C,A,A,H,-,A,A,0,,,,,Y,,D,22,0,0,1,0,0,0,0,0,0,"- ","- ",38.925510406494141,-121.99668121337891,COLUSA,UNINCORPORATED,-122.07969665527344,38.925712585449219
91931612,2022,2022-12-01,9155,2022-08-12,0640,019973,,5,1,9,0600,0,1,3,,2,023,SR-20,"WALNUT DR",4000.00,W,N,A,-,Y,COL,,20,,,12.540,H,,R,Y,1,1,0,2,A,-,08,22107,,N,A,C,A,A,H,-,B,D,0,,,,Y,Y,,A,01,0,0,0,0,0,0,0,0,0,"- ","- ",39.112689971923828,-122.30039978027344,COLUSA,UNINCORPORATED,-122.30034637451172,39.112651824951172